id;street_1;street_2;city;state;zip_code
1;mindshare Interactions Versatile;Frozen Rubber line;Ricardobury;Sports withdrawal Architect;80470
2;Customer Cambridgeshire end-to-end;web-readiness copy;Chadrickshire;purple Credit Developer;4525
3;Table invoice;Berkshire Designer the;Haleyhaven;policy;46131
4;Pizza;interactive;Hintzview;orchid Leone Alaska;23123
5;Sausages ubiquitous Avon;Account Assimilated optical;East Gerdaport;USB;22479
6;Neck quantifying object-oriented;azure optical Fresh;Wehnermouth;blue invoice;76499
7;relationships deposit clicks-and-mortar;out-of-the-box payment calculating;O'Konstad;boliviano;230
8;Identity;Architect;West Braxtonfurt;Account;63395
9;Dynamic Pound;firewall;East Roslyn;Grass-roots Identity;60969
10;Computer;open-source Montana;West America;compressing Unbranded;95395
